{
  "framework_name": "POS Automation Framework",
  "version": "1.0.0",
  "deployment_date": "2025-08-08T19:02:27.148704",
  "python_requirements": {
    "minimum_version": "3.8",
    "recommended_version": "3.11+"
  },
  "dependencies": [
    "pytest>=7.0.0",
    "pywinauto>=0.6.0",
    "pytest-html>=3.0.0",
    "pytest-xdist>=3.0.0",
    "openpyxl>=3.0.0"
  ],
  "github_settings": {
    "default_account": "Diva-ditcom",
    "default_repository": "pos-automation-framework",
    "workflow_file": ".github/workflows/simple-test.yml"
  },
  "directories": {
    "config": "Framework configuration files",
    "data": "CSV data and test scenarios",
    "tests": "Test cases and automation scripts",
    "utils": "Utility modules and POS automation",
    "reports": "Test execution reports",
    "logs": "Application logs"
  }
}